<application>
  <component name="UpdatesConfigurable">
    <ignoredBuildNumbers>
      <item value="182.5262.2" />
      <item value="222.3739.54" />
      <item value="222.3345.118" />
      <item value="221.6008.13" />
    </ignoredBuildNumbers>
    <option name="LAST_BUILD_CHECKED" value="IC-222.4345.14" />
    <option name="LAST_TIME_CHECKED" value="1665321867133" />
    <option name="THIRD_PARTY_PLUGINS_ALLOWED" value="true" />
    <option name="WHATS_NEW_SHOWN_FOR" value="222" />
  </component>
</application>