<keymap version="1" name="Default copy" parent="$default">
  <action id=":cursive.testing.actions/rerun-last-test">
    <keyboard-shortcut first-keystroke="shift f11" />
  </action>
  <action id=":cursive.testing.actions/run-ns-tests">
    <keyboard-shortcut first-keystroke="shift ctrl alt f11" />
  </action>
  <action id=":cursive.testing.actions/run-single-test">
    <keyboard-shortcut first-keystroke="shift ctrl f11" />
  </action>
  <action id="ActivateFavoritesToolWindow" />
  <action id="ActivateREPLToolWindow">
    <keyboard-shortcut first-keystroke="alt 2" />
  </action>
  <action id="ShowBookmarks" />
</keymap>