<application>
  <component name="ProjectManager">
    <defaultProject>
      <component name="ClojureProjectResolveSettings">
        <currentScheme>IDE</currentScheme>
      </component>
      <component name="ProjectViewState">
        <option name="showLibraryContents" value="true" />
        <option name="showMembers" value="true" />
        <option name="showVisibilityIcons" value="true" />
      </component>
      <component name="masterDetails">
        <states>
          <state key="ProjectJDKs.UI">
            <settings>
              <last-edited>1.8</last-edited>
              <splitter-proportions>
                <option name="proportions">
                  <list>
                    <option value="0.2" />
                  </list>
                </option>
              </splitter-proportions>
            </settings>
          </state>
        </states>
      </component>
    </defaultProject>
  </component>
</application>